{"products":[{"id":"0.07521477192432124","qty":2}],"totalPrice":41.97999999999999}